{
    "pedidos": [
        {
            "id_pedido": "PED-20251120020036",
            "restaurante": "comidas",
            "campesino": "pedrito",
            "producto": "yuca",
            "cantidad": 100,
            "precio_total": 75000.0,
            "estado": "Pedido creado",
            "fecha": "2025-11-20 02:00:36",
            "historial": [
                "2025-11-20 02:00:36 - Pedido creado automáticamente."
            ],
            "codigo_qr": "c:\\Users\\choch\\Desktop\\PROYECTO\\Proyecto_UPDATE7.2\\data\\qr_pedidos\\pedido_PED-20251120020036.png"
        }
    ]
}