[
  {
    "id": "campesino",
    "nombre": "Campesino",
    "permisos": {
      "lectura": [
        {
          "id": "ver_inventario",
          "nombre": "ver_inventario"
        }
      ],
      "escritura": [
        {
          "id": "agregar_cultivo",
          "nombre": "agregar_cultivo"
        },
        {
          "id": "vender_cultivo",
          "nombre": "vender_cultivo"
        }
      ],
      "eliminacion": [
        {
          "id": "eliminar_cultivo",
          "nombre": "eliminar_cultivo"
        }
      ],
      "administrativo": [],
      "otros": []
    },
    "vista": "open_campesino"
  },
  {
    "id": "restaurante",
    "nombre": "Restaurante",
    "permisos": {
      "lectura": [
        {
          "id": "ver_inventario",
          "nombre": "ver_inventario"
        },
        {
          "id": "ver_historial_compras",
          "nombre": "ver_historial_compras"
        }
      ],
      "escritura": [
        {
          "id": "realizar_compra",
          "nombre": "realizar_compra"
        }
      ],
      "eliminacion": [],
      "administrativo": [],
      "otros": []
    },
    "vista": "open_restaurante"
  },
  {
    "id": "delivery",
    "nombre": "Delivery",
    "permisos": {
      "lectura": [
        {
          "id": "ver_entregas",
          "nombre": "ver_entregas"
        }
      ],
      "escritura": [],
      "eliminacion": [],
      "administrativo": [],
      "otros": []
    },
    "vista": "open_delivery"
  },
  {
    "id": "admin",
    "nombre": "Administrador",
    "permisos": {
      "lectura": [],
      "escritura": [],
      "eliminacion": [],
      "administrativo": [
        {
          "id": "gestionar_roles",
          "nombre": "gestionar_roles"
        },
        {
          "id": "gestionar_usuarios",
          "nombre": "gestionar_usuarios"
        },
        {
          "id": "gestionar_permisos",
          "nombre": "gestionar_permisos"
        }
      ],
      "otros": []
    },
    "vista": "open_admin"
  }
]