{
  "campesinos": [
    {
      "nombre": "pedrito",
      "email": "pedrito@mail.com",
      "password": "8459aeab2bc599f7cfcf6ec5720be81e27909a785a49d8fc49feff904bf90748",
      "telefono": "5555555",
      "fecha_nacimiento": "23 10 2000",
      "direccion": "calle falsa 123",
      "roles": [
        "campesino"
      ],
      "permisos": [
        "vender_cultivo",
        "agregar_cultivo",
        "ver_inventario",
        "eliminar_cultivo"
      ]
    },
    {
      "nombre": "campesino",
      "email": "campe@sino.com",
      "password": "56985c582208fe0b49b0f1a585f8d3a8f3468ddf273758c7ab86cccc8c7d017b",
      "telefono": "1234567",
      "fecha_nacimiento": "11 11 1235",
      "direccion": "calle falsa 845",
      "roles": [
        "campesino"
      ],
      "permisos": [
        "eliminar_cultivo",
        "ver_inventario",
        "agregar_cultivo"
      ]
    },
    {
      "email": "campesino@mail.com",
      "nombre": "Campe Sino",
      "fecha_nacimiento": "15 15 1995",
      "password": "56985c582208fe0b49b0f1a585f8d3a8f3468ddf273758c7ab86cccc8c7d017b",
      "direccion": "calle falsa 3441",
      "telefono": "1234567",
      "roles": [
        "restaurante",
        "campesino"
      ],
      "permisos": [
        "agregar_cultivo",
        "eliminar_cultivo",
        "realizar_compra",
        "ver_historial_compras",
        "ver_inventario"
      ]
    },
    {
      "nombre": "juanito",
      "direccion": "calle falsa 542",
      "email": "juan@ito.com",
      "password": "88c52625df08132c64b0d5674d5aa1ff9bb3da557dd20b3e9282345a70140975",
      "telefono": "1234567",
      "fecha_nacimiento": "15 06 1993",
      "roles": [
        "campesino",
        "restaurante"
      ],
      "permisos": [
        "realizar_compra",
        "ver_inventario",
        "ver_historial_compras",
        "vender_cultivo",
        "agregar_cultivo"
      ]
    },
    {
      "password": "abcda4b108def768ecdb9148bf44dc4a0bb66b5a2695253ca6289d1b2717e7cb",
      "email": "carlitos@mail.com",
      "nombre": "Carlitos",
      "direccion": "calle falsa 4567",
      "telefono": "1234567",
      "fecha_nacimiento": "16061983",
      "roles": [
        "campesino"
      ],
      "permisos": [
        "eliminar_cultivo",
        "ver_inventario",
        "agregar_cultivo"
      ]
    }
  ],
  "restaurantes": [
    {
      "nombre": "El cielo",
      "email": "cielo@gmail.com",
      "password": "e1a1b2e64277f77aad5b636a64c6fb735908525cd36913d44ce72fbf1269784c",
      "nit": "897544587",
      "telefono": "3125699874",
      "direccion": "carrreee",
      "roles": [
        "restaurante"
      ],
      "permisos": [
        "ver_inventario",
        "realizar_compra",
        "ver_historial_compras"
      ]
    },
    {
      "nombre": "comidas",
      "email": "comidas@mail.com",
      "password": "1afe0bbf0f47761dade78485719302aa1310b4c959a61831e0080cf1cfc34ddb",
      "nit": "00123456789",
      "telefono": "5555552",
      "direccion": "calle falsa 124",
      "roles": [
        "restaurante"
      ],
      "permisos": [
        "realizar_compra",
        "ver_inventario",
        "ver_historial_compras"
      ]
    },
    {
      "nombre": "alimentos",
      "email": "ali@mentos.com",
      "password": "3aaf027a6ad986daa2a366cfaf97401a8cef144a5983a07399738fdb7fe44cc3",
      "nit": "123456789",
      "telefono": "2222222",
      "direccion": "zaza",
      "roles": [
        "restaurante"
      ],
      "permisos": [
        "realizar_compra",
        "ver_historial_compras"
      ]
    },
    {
      "nombre": "pizza",
      "email": "pizza@zaza.com",
      "password": "67bc1e449870c690d0af63ba30b2f299999386aa7a19ab28ec3616659665d9a1",
      "nit": "0123456789",
      "telefono": "123456789",
      "direccion": "calle falsa 555",
      "roles": [
        "restaurante"
      ],
      "permisos": [
        "realizar_compra",
        "ver_historial_compras"
      ]
    },
    {
      "nombre": "restoran",
      "direccion": "calle 46 noexito 54",
      "email": "restoran@mail.com",
      "password": "a3c1415f2390ba84be82b86b54c7410b2f1446b5e1ce22033538e9b493cb9ca0",
      "telefono": "1234567",
      "nit": "0123456789",
      "roles": [
        "restaurante"
      ],
      "permisos": [
        "realizar_compra",
        "ver_historial_compras"
      ]
    }
  ],
  "deliverys": [
    {
      "nombre": "123eee",
      "email": "pepedro@gmail.com",
      "password": "5f31e78c957d24e06cd240039d147da5ac1dc2c3dfe573d7f0d09b2b6379ee5e",
      "telefono": "3124577846",
      "tipo_vehiculo": "Camion",
      "roles": [],
      "permisos": [
        "ver_entregas"
      ]
    },
    {
      "nombre": "rappi",
      "email": "rappi@mail.com",
      "password": "058786af962d60127dc16dadb9747e39d997e5dbd0907eeb22d936ff3f0dfa78",
      "telefono": "1234567",
      "tipo_vehiculo": "moto",
      "roles": [],
      "permisos": [
        "ver_entregas"
      ]
    },
    {
      "nombre": "didi",
      "email": "didi@mail.com",
      "password": "a867edafa1277f46f879ab92c373a15c2d75c5d86fec741705cee1eb01ef8c9e",
      "telefono": "4444444",
      "tipo_vehiculo": "carro",
      "roles": [],
      "permisos": [
        "ver_entregas"
      ]
    },
    {
      "nombre": "Yango",
      "email": "yango@mail.com",
      "password": "3db52a299a8fd0d3ebd7ecd8773e2c515531b36ad85c2af74a2d95e2e4d039d8",
      "telefono": "8888888",
      "tipo_vehiculo": "volqueta",
      "roles": [],
      "permisos": [
        "ver_entregas"
      ]
    },
    {
      "nombre": "velocito",
      "email": "velo@cito.com",
      "password": "21846d6b476b13d872cf77e727726a812ac32b394d9eb8f1cd804bafac6f30a2",
      "telefono": "1234567",
      "tipo_vehiculo": "hada mágica",
      "roles": [],
      "permisos": [
        "ver_entregas"
      ]
    },
    {
      "tipo_vehiculo": "carro",
      "telefono": "1234567",
      "nombre": "domicilios",
      "password": "df7f0f92a54be435b3c4aeeff0af9bc38c7bd81b2ef6c1b1c0a7c54671dc51c8",
      "email": "domi@cilios.com",
      "roles": [],
      "permisos": [
        "ver_entregas"
      ]
    },
    {
      "nombre": "ADMIN",
      "email": "ADMIN",
      "password": "835d6dc88b708bc646d6db82c853ef4182fabbd4a8de59c213f2b5ab3ae7d9be",
      "roles": [
        "admin"
      ],
      "permisos": [
        "gestionar_permisos",
        "gestionar_roles",
        "gestionar_usuarios"
      ]
    }
  ]
}